{
    "rmse": 0.6771063795915627,
    "mae": 0.5336863102404313,
    "r2": 0.2929640400056387
}