{
    "rmse": 0.6691038215266917,
    "mae": 0.5235013705036546,
    "r2": 0.30029804310564434
}